<?xml version="1.0" encoding="UTF-8"?>
<project-private xmlns="http://www.netbeans.org/ns/project-private/1">
    <editor-bookmarks xmlns="http://www.netbeans.org/ns/editor-bookmarks/2" lastBookmarkId="0"/>
    <open-files xmlns="http://www.netbeans.org/ns/projectui-open-files/2">
        <group>
            <file>file:/C:/Users/ogike/Desktop/Uni/Semester3/Progtech/bead3_HM37UQ/src/view/Board.java</file>
            <file>file:/C:/Users/ogike/Desktop/Uni/Semester3/Progtech/bead3_HM37UQ/src/model/Tile.java</file>
            <file>file:/C:/Users/ogike/Desktop/Uni/Semester3/Progtech/bead3_HM37UQ/src/model/PathFindingGraph.java</file>
            <file>file:/C:/Users/ogike/Desktop/Uni/Semester3/Progtech/bead3_HM37UQ/src/model/DragonStupid.java</file>
            <file>file:/C:/Users/ogike/Desktop/Uni/Semester3/Progtech/bead3_HM37UQ/src/view/HighScoresWindow.java</file>
            <file>file:/C:/Users/ogike/Desktop/Uni/Semester3/Progtech/bead3_HM37UQ/src/res/levels.txt</file>
            <file>file:/C:/Users/ogike/Desktop/Uni/Semester3/Progtech/bead3_HM37UQ/src/model/DragonSmart.java</file>
            <file>file:/C:/Users/ogike/Desktop/Uni/Semester3/Progtech/bead3_HM37UQ/src/model/GameLevel.java</file>
            <file>file:/C:/Users/ogike/Desktop/Uni/Semester3/Progtech/bead3_HM37UQ/src/model/Game.java</file>
            <file>file:/C:/Users/ogike/Desktop/Uni/Semester3/Progtech/bead3_HM37UQ/src/persistence/HighScore.java</file>
            <file>file:/C:/Users/ogike/Desktop/Uni/Semester3/Progtech/bead3_HM37UQ/src/model/Dragon.java</file>
            <file>file:/C:/Users/ogike/Desktop/Uni/Semester3/Progtech/bead3_HM37UQ/src/view/MainWindow.java</file>
            <file>file:/C:/Users/ogike/Desktop/Uni/Semester3/Progtech/bead3_HM37UQ/src/model/Bullet.java</file>
            <file>file:/C:/Users/ogike/Desktop/Uni/Semester3/Progtech/bead3_HM37UQ/src/persistence/HighScoresManager.java</file>
            <file>file:/C:/Users/ogike/Desktop/Uni/Semester3/Progtech/bead3_HM37UQ/src/model/TileType.java</file>
        </group>
    </open-files>
</project-private>
