[
    {
        "title": "Hangosabban",
        "artist": "Csnk",
        "year": 2019,
        "link": "https:\/\/open.spotify.com\/track\/6BMjud7ibEiDCyViV6YMBX?si=1525652734e54ef8"
    },
    {
        "title": "Tihany",
        "artist": "csnk",
        "year": 2019,
        "link": "https:\/\/open.spotify.com\/track\/1WyX2BpOXpNs8wGJf8vHMN?si=b78b431ac11f4374"
    },
    {
        "title": "Dick Dale",
        "artist": "Csnk",
        "year": 2016,
        "link": "https:\/\/open.spotify.com\/track\/7ef4imOifp9WLsHm7qsuCF?si=bb4d48ee79424470"
    }
]