<?xml version="1.0" encoding="UTF-8"?>
<project-private xmlns="http://www.netbeans.org/ns/project-private/1">
    <editor-bookmarks xmlns="http://www.netbeans.org/ns/editor-bookmarks/2" lastBookmarkId="0"/>
    <open-files xmlns="http://www.netbeans.org/ns/projectui-open-files/2">
        <group>
            <file>file:/C:/Users/ogike/Desktop/Uni/Semester3/Progtech/gyak4/bead_1_HM37UQ/src/bead_1_hm37uq/geometry/Hexagon.java</file>
            <file>file:/C:/Users/ogike/Desktop/Uni/Semester3/Progtech/gyak4/bead_1_HM37UQ/src/bead_1_hm37uq/InvalidInputException.java</file>
            <file>file:/C:/Users/ogike/Desktop/Uni/Semester3/Progtech/gyak4/bead_1_HM37UQ/src/bead_1_hm37uq/geometry/Point.java</file>
            <file>file:/C:/Users/ogike/Desktop/Uni/Semester3/Progtech/gyak4/bead_1_HM37UQ/src/bead_1_hm37uq/geometry/Square.java</file>
            <file>file:/C:/Users/ogike/Desktop/Uni/Semester3/Progtech/gyak4/bead_1_HM37UQ/src/bead_1_hm37uq/Bead_1_HM37UQ.java</file>
            <file>file:/C:/Users/ogike/Desktop/Uni/Semester3/Progtech/gyak4/bead_1_HM37UQ/src/bead_1_hm37uq/geometry/Triangle.java</file>
            <file>file:/C:/Users/ogike/Desktop/Uni/Semester3/Progtech/gyak4/bead_1_HM37UQ/src/bead_1_hm37uq/geometry/Polygon.java</file>
            <file>file:/C:/Users/ogike/Desktop/Uni/Semester3/Progtech/gyak4/bead_1_HM37UQ/src/bead_1_hm37uq/geometry/Circle.java</file>
            <file>file:/C:/Users/ogike/Desktop/Uni/Semester3/Progtech/gyak4/bead_1_HM37UQ/src/bead_1_hm37uq/geometry/Shape.java</file>
            <file>file:/C:/Users/ogike/Desktop/Uni/Semester3/Progtech/gyak4/bead_1_HM37UQ/src/bead_1_hm37uq/geometry/ShapeCollection.java</file>
        </group>
    </open-files>
</project-private>
